{
  "2c": {
    "game": "stag_hunt_fake_history",
    "n_total": 180,
    "belief_tracking": {
      "0": {
        "mean_belief": 0.06333333333333335,
        "std_belief": 0.04642796092394707,
        "n": 30
      },
      "1": {
        "mean_belief": 0.3376666666666666,
        "std_belief": 0.21858153830753616,
        "n": 30
      },
      "2": {
        "mean_belief": 0.4333333333333334,
        "std_belief": 0.15347819244295116,
        "n": 30
      },
      "3": {
        "mean_belief": 0.5946666666666667,
        "std_belief": 0.0989859698251334,
        "n": 30
      },
      "4": {
        "mean_belief": 0.7693333333333334,
        "std_belief": 0.11183122203670237,
        "n": 30
      },
      "5": {
        "mean_belief": 0.9033333333333331,
        "std_belief": 0.012472191289246454,
        "n": 30
      }
    },
    "belief_monotone": true,
    "belief_vs_k_regression": {
      "slope": 0.1616095238095238,
      "intercept": 0.1129206349206352,
      "r_squared": 0.8163501806424768,
      "p_value": 2.064408902681618e-67
    },
    "action_rates": {
      "0": {
        "stag_rate": 0.0,
        "n": 30
      },
      "1": {
        "stag_rate": 0.26666666666666666,
        "n": 30
      },
      "2": {
        "stag_rate": 0.3333333333333333,
        "n": 30
      },
      "3": {
        "stag_rate": 0.7,
        "n": 30
      },
      "4": {
        "stag_rate": 0.8333333333333334,
        "n": 30
      },
      "5": {
        "stag_rate": 1.0,
        "n": 30
      }
    },
    "belief_action_logistic": {
      "beta_0": -6.090960439540128,
      "beta_1": 11.730672265668513,
      "threshold": 0.519233706440354
    }
  }
}