{
  "2b_stag_standard": {
    "game": "stag_hunt",
    "variant": "standard (p*=2/3)",
    "n_total": 150,
    "action_rates": {
      "10": {
        "coop_rate": 0.0,
        "n": 30
      },
      "30": {
        "coop_rate": 0.0,
        "n": 30
      },
      "50": {
        "coop_rate": 0.0,
        "n": 30
      },
      "70": {
        "coop_rate": 1.0,
        "n": 30
      },
      "90": {
        "coop_rate": 1.0,
        "n": 30
      }
    },
    "logistic": {
      "beta_0": -165.02338600587825,
      "beta_1": 2.7642008420239623,
      "threshold": 59.70021551872738,
      "converged": true
    }
  },
  "2b_stag_modified": {
    "game": "stag_hunt",
    "variant": "modified (p*=1/2)",
    "n_total": 150,
    "action_rates": {
      "10": {
        "coop_rate": 0.0,
        "n": 30
      },
      "30": {
        "coop_rate": 0.0,
        "n": 30
      },
      "50": {
        "coop_rate": 0.3333333333333333,
        "n": 30
      },
      "70": {
        "coop_rate": 1.0,
        "n": 30
      },
      "90": {
        "coop_rate": 1.0,
        "n": 30
      }
    },
    "logistic": {
      "beta_0": -65.25039448465793,
      "beta_1": 1.2911449461937097,
      "threshold": 50.53684691019071,
      "converged": true
    }
  },
  "2b_pd": {
    "game": "pd",
    "variant": "pd",
    "n_total": 150,
    "action_rates": {
      "10": {
        "coop_rate": 0.03333333333333333,
        "n": 30
      },
      "30": {
        "coop_rate": 0.06666666666666667,
        "n": 30
      },
      "50": {
        "coop_rate": 0.26666666666666666,
        "n": 30
      },
      "70": {
        "coop_rate": 0.23333333333333334,
        "n": 30
      },
      "90": {
        "coop_rate": 0.7666666666666667,
        "n": 30
      }
    },
    "logistic": {
      "beta_0": -4.201834250853687,
      "beta_1": 0.054734920442200845,
      "threshold": 76.76697466457,
      "converged": true
    }
  }
}